path,dir,name,ext,bytes
project-falcon-main/.env.example,project-falcon-main,.env.example,.example,674
project-falcon-main/.github/workflows/falcon-audit.yml,project-falcon-main/.github/workflows,falcon-audit.yml,.yml,774
project-falcon-main/.gitignore,project-falcon-main,.gitignore,(none),353
project-falcon-main/README.md,project-falcon-main,README.md,.md,799
project-falcon-main/components.json,project-falcon-main,components.json,.json,444
project-falcon-main/docs/activity-log.md,project-falcon-main/docs,activity-log.md,.md,657
project-falcon-main/docs/admin-calendar.md,project-falcon-main/docs,admin-calendar.md,.md,294
project-falcon-main/docs/architecture.md,project-falcon-main/docs,architecture.md,.md,65
project-falcon-main/docs/calendar-events.md,project-falcon-main/docs,calendar-events.md,.md,687
project-falcon-main/docs/db-verify.md,project-falcon-main/docs,db-verify.md,.md,5970
project-falcon-main/docs/orders-activity.md,project-falcon-main/docs,orders-activity.md,.md,242
project-falcon-main/docs/orders-list.md,project-falcon-main/docs,orders-list.md,.md,520
project-falcon-main/docs/orders-rpc.md,project-falcon-main/docs,orders-rpc.md,.md,564
project-falcon-main/docs/roadmap-mvp.md,project-falcon-main/docs,roadmap-mvp.md,.md,1164
project-falcon-main/docs/users-and-roles.md,project-falcon-main/docs,users-and-roles.md,.md,615
project-falcon-main/index.html,project-falcon-main,index.html,.html,445
project-falcon-main/jsconfig.json,project-falcon-main,jsconfig.json,.json,265
project-falcon-main/package.json,project-falcon-main,package.json,.json,1625
project-falcon-main/postcss.config.js,project-falcon-main,postcss.config.js,.js,80
project-falcon-main/public/assets/logo.png,project-falcon-main/public/assets,logo.png,.png,8424
project-falcon-main/public/images/calendar-icon.png,project-falcon-main/public/images,calendar-icon.png,.png,43719
project-falcon-main/public/images/falcon-bg.png,project-falcon-main/public/images,falcon-bg.png,.png,1646181
project-falcon-main/scripts/analyze-deps.mjs,project-falcon-main/scripts,analyze-deps.mjs,.mjs,6216
project-falcon-main/scripts/inventory-to-md.mjs,project-falcon-main/scripts,inventory-to-md.mjs,.mjs,3379
project-falcon-main/src/App.jsx,project-falcon-main/src,App.jsx,.jsx,525
project-falcon-main/src/components/ActivityLogCard.jsx,project-falcon-main/src/components,ActivityLogCard.jsx,.jsx,570
project-falcon-main/src/components/Badge.jsx,project-falcon-main/src/components,Badge.jsx,.jsx,451
project-falcon-main/src/components/ContactForm.jsx,project-falcon-main/src/components,ContactForm.jsx,.jsx,1132
project-falcon-main/src/components/DashboardCalendar.jsx,project-falcon-main/src/components,DashboardCalendar.jsx,.jsx,3181
project-falcon-main/src/components/DashboardCard.jsx,project-falcon-main/src/components,DashboardCard.jsx,.jsx,368
project-falcon-main/src/components/FloatingActivityLog.jsx,project-falcon-main/src/components,FloatingActivityLog.jsx,.jsx,2389
project-falcon-main/src/components/LicenseEditor.jsx,project-falcon-main/src/components,LicenseEditor.jsx,.jsx,2339
project-falcon-main/src/components/MapContainer.jsx,project-falcon-main/src/components,MapContainer.jsx,.jsx,761
project-falcon-main/src/components/MetaItem.jsx,project-falcon-main/src/components,MetaItem.jsx,.jsx,407
project-falcon-main/src/components/SectionHeader.jsx,project-falcon-main/src/components,SectionHeader.jsx,.jsx,189
project-falcon-main/src/components/Sidebar.jsx,project-falcon-main/src/components,Sidebar.jsx,.jsx,3060
project-falcon-main/src/components/SidebarLink.jsx,project-falcon-main/src/components,SidebarLink.jsx,.jsx,570
project-falcon-main/src/components/SummaryCard.jsx,project-falcon-main/src/components,SummaryCard.jsx,.jsx,450
project-falcon-main/src/components/TableDrawer.jsx,project-falcon-main/src/components,TableDrawer.jsx,.jsx,966
project-falcon-main/src/components/UserDocuments.jsx,project-falcon-main/src/components,UserDocuments.jsx,.jsx,2666
project-falcon-main/src/components/admin/AdminCalendar.jsx,project-falcon-main/src/components/admin,AdminCalendar.jsx,.jsx,9105
project-falcon-main/src/components/admin/CalendarLegend.jsx,project-falcon-main/src/components/admin,CalendarLegend.jsx,.jsx,1119
project-falcon-main/src/components/clients/ClientCard.jsx,project-falcon-main/src/components/clients,ClientCard.jsx,.jsx,2527
project-falcon-main/src/components/clients/ClientDetailPanel.jsx,project-falcon-main/src/components/clients,ClientDetailPanel.jsx,.jsx,3087
project-falcon-main/src/components/clients/ClientDrawerContent.jsx,project-falcon-main/src/components/clients,ClientDrawerContent.jsx,.jsx,4761
project-falcon-main/src/components/clients/ClientFilters.jsx,project-falcon-main/src/components/clients,ClientFilters.jsx,.jsx,1030
project-falcon-main/src/components/clients/ClientSelector.jsx,project-falcon-main/src/components/clients,ClientSelector.jsx,.jsx,3194
project-falcon-main/src/components/clients/ClientSidebarPanel.jsx,project-falcon-main/src/components/clients,ClientSidebarPanel.jsx,.jsx,1792
project-falcon-main/src/components/clients/ClientsTable.jsx,project-falcon-main/src/components/clients,ClientsTable.jsx,.jsx,1971
project-falcon-main/src/components/forms/ClientForm.jsx,project-falcon-main/src/components/forms,ClientForm.jsx,.jsx,6795
project-falcon-main/src/components/inputs/AddressAutocomplete.jsx,project-falcon-main/src/components/inputs,AddressAutocomplete.jsx,.jsx,2387
project-falcon-main/src/components/inputs/OrderNumberField.jsx,project-falcon-main/src/components/inputs,OrderNumberField.jsx,.jsx,1369
project-falcon-main/src/components/maps/PropertyMap.jsx,project-falcon-main/src/components/maps,PropertyMap.jsx,.jsx,1042
project-falcon-main/src/components/notifications/NotificationBell.jsx,project-falcon-main/src/components/notifications,NotificationBell.jsx,.jsx,12017
project-falcon-main/src/components/orders/ActiveOrdersList.jsx,project-falcon-main/src/components/orders,ActiveOrdersList.jsx,.jsx,2050
project-falcon-main/src/components/orders/AppointmentCell.jsx,project-falcon-main/src/components/orders,AppointmentCell.jsx,.jsx,4392
project-falcon-main/src/components/orders/AssignmentFields.jsx,project-falcon-main/src/components/orders,AssignmentFields.jsx,.jsx,4015
project-falcon-main/src/components/orders/BasicInfoFields.jsx,project-falcon-main/src/components/orders,BasicInfoFields.jsx,.jsx,4952
project-falcon-main/src/components/orders/DateFields.jsx,project-falcon-main/src/components/orders,DateFields.jsx,.jsx,1365
project-falcon-main/src/components/orders/FeeFields.jsx,project-falcon-main/src/components/orders,FeeFields.jsx,.jsx,1364
project-falcon-main/src/components/orders/InvoiceFields.jsx,project-falcon-main/src/components/orders,InvoiceFields.jsx,.jsx,1298
project-falcon-main/src/components/orders/MyOrdersCard.jsx,project-falcon-main/src/components/orders,MyOrdersCard.jsx,.jsx,3546
project-falcon-main/src/components/orders/NewOrderFields.jsx,project-falcon-main/src/components/orders,NewOrderFields.jsx,.jsx,6739
project-falcon-main/src/components/orders/NotesField.jsx,project-falcon-main/src/components/orders,NotesField.jsx,.jsx,529
project-falcon-main/src/components/orders/OrderActivityPanel.jsx,project-falcon-main/src/components/orders,OrderActivityPanel.jsx,.jsx,2310
project-falcon-main/src/components/orders/OrderCard.jsx,project-falcon-main/src/components/orders,OrderCard.jsx,.jsx,1254
project-falcon-main/src/components/orders/OrderDetailPanel.jsx,project-falcon-main/src/components/orders,OrderDetailPanel.jsx,.jsx,3341
project-falcon-main/src/components/orders/OrderDrawerContent.jsx,project-falcon-main/src/components/orders,OrderDrawerContent.jsx,.jsx,2231
project-falcon-main/src/components/orders/OrderForm.jsx,project-falcon-main/src/components/orders,OrderForm.jsx,.jsx,9003
project-falcon-main/src/components/orders/OrderInfoFields.jsx,project-falcon-main/src/components/orders,OrderInfoFields.jsx,.jsx,889
project-falcon-main/src/components/orders/OrderSidebarPanel.jsx,project-falcon-main/src/components/orders,OrderSidebarPanel.jsx,.jsx,1545
project-falcon-main/src/components/orders/OrdersDrawer.jsx,project-falcon-main/src/components/orders,OrdersDrawer.jsx,.jsx,729
project-falcon-main/src/components/orders/OrdersLIstAll.jsx,project-falcon-main/src/components/orders,OrdersLIstAll.jsx,.jsx,3894
project-falcon-main/src/components/orders/OrdersTable.jsx,project-falcon-main/src/components/orders,OrdersTable.jsx,.jsx,1562
project-falcon-main/src/components/orders/OrdersTableHeader.jsx,project-falcon-main/src/components/orders,OrdersTableHeader.jsx,.jsx,794
project-falcon-main/src/components/orders/OrdersTablePagination.jsx,project-falcon-main/src/components/orders,OrdersTablePagination.jsx,.jsx,745
project-falcon-main/src/components/orders/OrdersTableRow.jsx,project-falcon-main/src/components/orders,OrdersTableRow.jsx,.jsx,4520
project-falcon-main/src/components/orders/ReviewActions.jsx,project-falcon-main/src/components/orders,ReviewActions.jsx,.jsx,1361
project-falcon-main/src/components/orders/TypeFields.jsx,project-falcon-main/src/components/orders,TypeFields.jsx,.jsx,1099
project-falcon-main/src/components/review/ReviewAssignmentModal.jsx,project-falcon-main/src/components/review,ReviewAssignmentModal.jsx,.jsx,1061
project-falcon-main/src/components/review/ReviewModal.jsx,project-falcon-main/src/components/review,ReviewModal.jsx,.jsx,4012
project-falcon-main/src/components/review/SendToReviewButton.jsx,project-falcon-main/src/components/review,SendToReviewButton.jsx,.jsx,690
project-falcon-main/src/components/settings/NotificationsSettings.jsx,project-falcon-main/src/components/settings,NotificationsSettings.jsx,.jsx,6508
project-falcon-main/src/components/settings/PreferencesForm.jsx,project-falcon-main/src/components/settings,PreferencesForm.jsx,.jsx,2547
project-falcon-main/src/components/settings/ProfileForm.jsx,project-falcon-main/src/components/settings,ProfileForm.jsx,.jsx,2588
project-falcon-main/src/components/ui/AddressAutocomplete.jsx,project-falcon-main/src/components/ui,AddressAutocomplete.jsx,.jsx,1860
project-falcon-main/src/components/ui/CalendarLegend.jsx,project-falcon-main/src/components/ui,CalendarLegend.jsx,.jsx,553
project-falcon-main/src/components/ui/ErrorBoundary.jsx,project-falcon-main/src/components/ui,ErrorBoundary.jsx,.jsx,874
project-falcon-main/src/components/ui/Errors.jsx,project-falcon-main/src/components/ui,Errors.jsx,.jsx,263
project-falcon-main/src/components/ui/FormCard.jsx,project-falcon-main/src/components/ui,FormCard.jsx,.jsx,402
project-falcon-main/src/components/ui/FullCalendarWrapper.jsx,project-falcon-main/src/components/ui,FullCalendarWrapper.jsx,.jsx,1456
project-falcon-main/src/components/ui/InlineDrawer.jsx,project-falcon-main/src/components/ui,InlineDrawer.jsx,.jsx,251
project-falcon-main/src/components/ui/Loaders.jsx,project-falcon-main/src/components/ui,Loaders.jsx,.jsx,283
project-falcon-main/src/components/ui/button.jsx,project-falcon-main/src/components/ui,button.jsx,.jsx,1676
project-falcon-main/src/components/ui/calendar.jsx,project-falcon-main/src/components/ui,calendar.jsx,.jsx,342
project-falcon-main/src/components/ui/card.jsx,project-falcon-main/src/components/ui,card.jsx,.jsx,680
project-falcon-main/src/components/ui/dialog.jsx,project-falcon-main/src/components/ui,dialog.jsx,.jsx,3214
project-falcon-main/src/components/ui/form.jsx,project-falcon-main/src/components/ui,form.jsx,.jsx,345
project-falcon-main/src/components/ui/index.js,project-falcon-main/src/components/ui,index.js,.js,129
project-falcon-main/src/components/ui/index.jsx,project-falcon-main/src/components/ui,index.jsx,.jsx,756
project-falcon-main/src/components/ui/input.jsx,project-falcon-main/src/components/ui,input.jsx,.jsx,688
project-falcon-main/src/components/ui/label.jsx,project-falcon-main/src/components/ui,label.jsx,.jsx,398
project-falcon-main/src/components/ui/map.jsx,project-falcon-main/src/components/ui,map.jsx,.jsx,614
project-falcon-main/src/components/ui/panel.jsx,project-falcon-main/src/components/ui,panel.jsx,.jsx,231
project-falcon-main/src/components/ui/scroll-area.jsx,project-falcon-main/src/components/ui,scroll-area.jsx,.jsx,898
project-falcon-main/src/components/ui/select.jsx,project-falcon-main/src/components/ui,select.jsx,.jsx,615
project-falcon-main/src/components/ui/textarea.jsx,project-falcon-main/src/components/ui,textarea.jsx,.jsx,636
project-falcon-main/src/components/users/AppraiserSelector.jsx,project-falcon-main/src/components/users,AppraiserSelector.jsx,.jsx,636
project-falcon-main/src/components/users/UserCard.jsx,project-falcon-main/src/components/users,UserCard.jsx,.jsx,1824
project-falcon-main/src/components/users/UserDrawerContent.jsx,project-falcon-main/src/components/users,UserDrawerContent.jsx,.jsx,853
project-falcon-main/src/components/users/UsersTable.jsx,project-falcon-main/src/components/users,UsersTable.jsx,.jsx,1730
project-falcon-main/src/context/NotificationProvider.jsx,project-falcon-main/src/context,NotificationProvider.jsx,.jsx,715
project-falcon-main/src/context/UserContext.jsx,project-falcon-main/src/context,UserContext.jsx,.jsx,1556
project-falcon-main/src/data/generateholidays.js,project-falcon-main/src/data,generateholidays.js,.js,492
project-falcon-main/src/data/usHolidays2025.json,project-falcon-main/src/data,usHolidays2025.json,.json,812
project-falcon-main/src/features/notifications.ts,project-falcon-main/src/features,notifications.ts,.ts,4467
project-falcon-main/src/features/orders/OrderActionsPanel.jsx,project-falcon-main/src/features/orders,OrderActionsPanel.jsx,.jsx,3129
project-falcon-main/src/features/orders/OrderRowDetail.jsx,project-falcon-main/src/features/orders,OrderRowDetail.jsx,.jsx,1842
project-falcon-main/src/features/orders/OrdersFilters.jsx,project-falcon-main/src/features/orders,OrdersFilters.jsx,.jsx,5070
project-falcon-main/src/features/orders/OrdersTable.jsx,project-falcon-main/src/features/orders,OrdersTable.jsx,.jsx,5367
project-falcon-main/src/features/orders/actions.js,project-falcon-main/src/features/orders,actions.js,.js,966
project-falcon-main/src/features/orders/api.js,project-falcon-main/src/features/orders,api.js,.js,9782
project-falcon-main/src/features/orders/index.js,project-falcon-main/src/features/orders,index.js,.js,175
project-falcon-main/src/index.css,project-falcon-main/src,index.css,.css,2780
project-falcon-main/src/index.html,project-falcon-main/src,index.html,.html,311
project-falcon-main/src/layout/Layout.jsx,project-falcon-main/src/layout,Layout.jsx,.jsx,2635
project-falcon-main/src/lib/api/activities.js,project-falcon-main/src/lib/api,activities.js,.js,1307
project-falcon-main/src/lib/api/calendar.ts,project-falcon-main/src/lib/api,calendar.ts,.ts,1258
project-falcon-main/src/lib/api/notifications.ts,project-falcon-main/src/lib/api,notifications.ts,.ts,657
project-falcon-main/src/lib/api/orders.ts,project-falcon-main/src/lib/api,orders.ts,.ts,1384
project-falcon-main/src/lib/api/reviews.ts,project-falcon-main/src/lib/api,reviews.ts,.ts,931
project-falcon-main/src/lib/api/users.ts,project-falcon-main/src/lib/api,users.ts,.ts,2682
project-falcon-main/src/lib/hooks/ProtectedRoute.jsx,project-falcon-main/src/lib/hooks,ProtectedRoute.jsx,.jsx,1252
project-falcon-main/src/lib/hooks/useEditableForm.js,project-falcon-main/src/lib/hooks,useEditableForm.js,.js,663
project-falcon-main/src/lib/hooks/useGooglePlaces.js,project-falcon-main/src/lib/hooks,useGooglePlaces.js,.js,982
project-falcon-main/src/lib/hooks/useIsAdmin.js,project-falcon-main/src/lib/hooks,useIsAdmin.js,.js,768
project-falcon-main/src/lib/hooks/useOrderEvents.js,project-falcon-main/src/lib/hooks,useOrderEvents.js,.js,1458
project-falcon-main/src/lib/hooks/useOrderForm.js,project-falcon-main/src/lib/hooks,useOrderForm.js,.js,2014
project-falcon-main/src/lib/hooks/useOrders.js,project-falcon-main/src/lib/hooks,useOrders.js,.js,1676
project-falcon-main/src/lib/hooks/useRole.js,project-falcon-main/src/lib/hooks,useRole.js,.js,1881
project-falcon-main/src/lib/hooks/useSession.js,project-falcon-main/src/lib/hooks,useSession.js,.js,447
project-falcon-main/src/lib/logactivity.js,project-falcon-main/src/lib,logactivity.js,.js,282
project-falcon-main/src/lib/services/ordersService.js,project-falcon-main/src/lib/services,ordersService.js,.js,2890
project-falcon-main/src/lib/supa.client.js,project-falcon-main/src/lib,supa.client.js,.js,296
project-falcon-main/src/lib/supabaseClient.js,project-falcon-main/src/lib,supabaseClient.js,.js,135
project-falcon-main/src/lib/utils.js,project-falcon-main/src/lib,utils.js,.js,751
project-falcon-main/src/lib/utils/autoUpdateOrderStatus.js,project-falcon-main/src/lib/utils,autoUpdateOrderStatus.js,.js,1242
project-falcon-main/src/lib/utils/colorForId.js,project-falcon-main/src/lib/utils,colorForId.js,.js,453
project-falcon-main/src/lib/utils/logOrderEvent.js,project-falcon-main/src/lib/utils,logOrderEvent.js,.js,1414
project-falcon-main/src/lib/utils/logevent.ts,project-falcon-main/src/lib/utils,logevent.ts,.ts,404
project-falcon-main/src/lib/utils/mapOrderToEvents.js,project-falcon-main/src/lib/utils,mapOrderToEvents.js,.js,1200
project-falcon-main/src/lib/utils/permissions.js,project-falcon-main/src/lib/utils,permissions.js,.js,3233
project-falcon-main/src/lib/utils/rpcFirst.js,project-falcon-main/src/lib/utils,rpcFirst.js,.js,866
project-falcon-main/src/lib/utils/updateOrderStatus.js,project-falcon-main/src/lib/utils,updateOrderStatus.js,.js,1068
project-falcon-main/src/main.jsx,project-falcon-main/src,main.jsx,.jsx,494
project-falcon-main/src/pages/AdminDashboard.jsx,project-falcon-main/src/pages,AdminDashboard.jsx,.jsx,1952
project-falcon-main/src/pages/AdminUsers.jsx,project-falcon-main/src/pages,AdminUsers.jsx,.jsx,7108
project-falcon-main/src/pages/AppraiserDashboard.jsx,project-falcon-main/src/pages,AppraiserDashboard.jsx,.jsx,1529
project-falcon-main/src/pages/Calendar.jsx,project-falcon-main/src/pages,Calendar.jsx,.jsx,4962
project-falcon-main/src/pages/ClientDetail.jsx,project-falcon-main/src/pages,ClientDetail.jsx,.jsx,6186
project-falcon-main/src/pages/ClientsDashboard.jsx,project-falcon-main/src/pages,ClientsDashboard.jsx,.jsx,3982
project-falcon-main/src/pages/Dashboard.jsx,project-falcon-main/src/pages,Dashboard.jsx,.jsx,728
project-falcon-main/src/pages/EditClient.jsx,project-falcon-main/src/pages,EditClient.jsx,.jsx,2345
project-falcon-main/src/pages/EditUser.jsx,project-falcon-main/src/pages,EditUser.jsx,.jsx,4336
project-falcon-main/src/pages/Login.jsx,project-falcon-main/src/pages,Login.jsx,.jsx,1932
project-falcon-main/src/pages/NewClient.jsx,project-falcon-main/src/pages,NewClient.jsx,.jsx,591
project-falcon-main/src/pages/NewOrder.jsx,project-falcon-main/src/pages,NewOrder.jsx,.jsx,685
project-falcon-main/src/pages/OrderDetail.jsx,project-falcon-main/src/pages,OrderDetail.jsx,.jsx,8630
project-falcon-main/src/pages/Orders.jsx,project-falcon-main/src/pages,Orders.jsx,.jsx,1075
project-falcon-main/src/pages/OrdersDemo.jsx,project-falcon-main/src/pages,OrdersDemo.jsx,.jsx,400
project-falcon-main/src/pages/Reports.jsx,project-falcon-main/src/pages,Reports.jsx,.jsx,235
project-falcon-main/src/pages/ReviewerDashboard.jsx,project-falcon-main/src/pages,ReviewerDashboard.jsx,.jsx,3273
project-falcon-main/src/pages/Settings.jsx,project-falcon-main/src/pages,Settings.jsx,.jsx,1003
project-falcon-main/src/pages/UserDetail.jsx,project-falcon-main/src/pages,UserDetail.jsx,.jsx,4077
project-falcon-main/src/pages/UserHub.jsx,project-falcon-main/src/pages,UserHub.jsx,.jsx,5208
project-falcon-main/src/pages/UsersDashboard.jsx,project-falcon-main/src/pages,UsersDashboard.jsx,.jsx,2877
project-falcon-main/src/routes/index.jsx,project-falcon-main/src/routes,index.jsx,.jsx,5541
project-falcon-main/src/types/supabase.ts,project-falcon-main/src/types,supabase.ts,.ts,23148
project-falcon-main/supabase/.secrets.env,project-falcon-main/supabase,.secrets.env,.env,123
project-falcon-main/supabase/config.toml,project-falcon-main/supabase,config.toml,.toml,44
project-falcon-main/supabase/functions/email-sender/cnofig.toml,project-falcon-main/supabase/functions/email-sender,cnofig.toml,.toml,19
project-falcon-main/supabase/functions/email-sender/index.ts,project-falcon-main/supabase/functions/email-sender,index.ts,.ts,5377
project-falcon-main/supabase/migrations/2025-08-16_activity_log.sql,project-falcon-main/supabase/migrations,2025-08-16_activity_log.sql,.sql,2180
project-falcon-main/supabase/migrations/2025-08-16_orders_last_activity_view.sql,project-falcon-main/supabase/migrations,2025-08-16_orders_last_activity_view.sql,.sql,422
project-falcon-main/supabase/migrations/2025-08-16_orders_list_view.sql,project-falcon-main/supabase/migrations,2025-08-16_orders_list_view.sql,.sql,2515
project-falcon-main/supabase/migrations/2025-08-16_orders_rls_and_rpcs.sql,project-falcon-main/supabase/migrations,2025-08-16_orders_rls_and_rpcs.sql,.sql,2475
project-falcon-main/supabase/migrations/2025-08-16_orders_rpcs_fix.sql,project-falcon-main/supabase/migrations,2025-08-16_orders_rpcs_fix.sql,.sql,2209
project-falcon-main/supabase/migrations/2025-08-16_users_roles_profiles.sql,project-falcon-main/supabase/migrations,2025-08-16_users_roles_profiles.sql,.sql,4019
project-falcon-main/supabase/migrations/2025-08-17_chore_add-index-orders-assigned_to-created_at.sql,project-falcon-main/supabase/migrations,2025-08-17_chore_add-index-orders-assigned_to-created_at.sql,.sql,261
project-falcon-main/supabase/migrations/2025-08-17_chore_drop-dupe-indexes-add-composites.sql,project-falcon-main/supabase/migrations,2025-08-17_chore_drop-dupe-indexes-add-composites.sql,.sql,1089
project-falcon-main/supabase/migrations/2025-08-17_feat_trigger_log_order_changes.sql,project-falcon-main/supabase/migrations,2025-08-17_feat_trigger_log_order_changes.sql,.sql,2126
project-falcon-main/supabase/migrations/2025-08-17_feat_user-fks.sql,project-falcon-main/supabase/migrations,2025-08-17_feat_user-fks.sql,.sql,6952
project-falcon-main/tailwind.config.js,project-falcon-main,tailwind.config.js,.js,2004
project-falcon-main/vercel.json,project-falcon-main,vercel.json,.json,648
project-falcon-main/vite.config.js,project-falcon-main,vite.config.js,.js,244
